PRAGMA foreign_keys=OFF;
BEGIN TRANSACTION;
CREATE TABLE IF NOT EXISTS goose_db_version (
		id INTEGER PRIMARY KEY AUTOINCREMENT,
		version_id INTEGER NOT NULL,
		is_applied INTEGER NOT NULL,
		tstamp TIMESTAMP DEFAULT (datetime('now'))
	);
INSERT INTO goose_db_version VALUES(1,0,1,'2025-06-28 02:51:26');
INSERT INTO goose_db_version VALUES(4,1,1,'2025-06-29 08:08:28');
INSERT INTO goose_db_version VALUES(5,2,1,'2025-06-29 08:08:29');
CREATE TABLE IF NOT EXISTS users (
  id TEXT PRIMARY KEY,
  created_at TEXT DEFAULT (datetime ('now', '+7 hours')),
  updated_at TEXT DEFAULT (datetime ('now', '+7 hours')),
  first_name TEXT NOT NULL,
  last_name TEXT NOT NULL,
  password TEXT NOT NULL DEFAULT '',
  email TEXT UNIQUE NOT NULL,
  phone TEXT UNIQUE NOT NULL,
  age TEXT NOT NULL DEFAULT "",
  gender TEXT NOT NULL,
  nationality TEXT NOT NULL,
  role TEXT NOT NULL DEFAULT 'participant',
  retreat_id INTEGER NOT NULL DEFAULT 0,
  check_in_date TEXT DEFAULT (datetime ('now', '+7 hours')),
  check_out_date TEXT,
  leave_date TEXT NOT NULL,
  diet TEXT,
  place TEXT NOT NULL DEFAULT 'None',
  FOREIGN KEY (role) REFERENCES roles (name) ON UPDATE CASCADE ON DELETE SET DEFAULT,
  FOREIGN KEY (retreat_id) REFERENCES retreats (id) ON UPDATE CASCADE ON DELETE SET DEFAULT,
  FOREIGN KEY (place) REFERENCES places (name) ON UPDATE CASCADE ON DELETE SET DEFAULT
);
INSERT INTO users VALUES('00000000-0000-0000-0000-000000000000','2025-06-29 15:09:35','2025-06-29 15:09:35','','','$2a$12$qCGcA9q.mon1bAjAUgusOeiYHRCGMjnfsNZbMWPRVLmRgOpEhoNSK','admin@papae.com','','','','','admin',0,'',NULL,'',NULL,'None');
INSERT INTO users VALUES('d57f1fa0-fd8d-4d27-a5c2-6f4986b506c7','2025-07-02 16:40:06','2025-07-02 16:42:18','William','Davidson','','will19951@live.co.uk','07814112103','','Male','United Kingdom','participant',0,'2025-07-02',NULL,'2025-07-20','Vegetarian','None');
INSERT INTO users VALUES('30c49bf1-2b32-489c-8112-0eea3562501d','2025-07-02 17:00:43','2025-07-03 14:53:11','Alexis','Vallejo','','alexis@papae.com','0','','Female','Mexico','participant',0,'2025-07-02','2025-07-03 14:53:10','2025-07-03','None','None');
INSERT INTO users VALUES('2581a34d-17f8-4788-bb1d-91adc0acf4bd','2025-07-02 17:03:12','2025-07-03 14:53:45','Anand','Rajana','','anandrajana@papae.com','1','','Male','','participant',0,'2025-06-30','2025-07-03 14:53:45','2025-07-03','None','None');
INSERT INTO users VALUES('76e81368-654e-42ad-bf82-ea184ae5329d','2025-07-02 17:07:02','2025-07-05 12:16:58','Brad','Reed','','bradreed@papae.com','2','','Male','','volunteer',0,'2025-06-21','2025-07-05 12:16:56','2025-07-05','None','None');
INSERT INTO users VALUES('685b31a0-07bf-4370-885d-0a7d8de4bb71','2025-07-02 17:08:09','2025-07-02 17:08:09','Elsa','Menninghaus','','menninghaus@papae.com','3','','Female','','participant',0,'2025-07-01',NULL,'2025-07-03','Vegetarian','None');
INSERT INTO users VALUES('8e6190ea-dbb1-4264-830a-46cf0946c37a','2025-07-02 17:12:53','2025-07-02 17:12:53','Gabriele','Bruno','','gabrielebruno@papae.com','4','','Male','','participant',0,'2025-07-01',NULL,'2025-07-03','None','None');
INSERT INTO users VALUES('609f1c0e-1c59-4acc-b063-687aeda16e16','2025-07-02 17:14:21','2025-07-05 13:04:14','Hans','Alvim','','hansalvim@papae.com','5','','Male','','volunteer',0,'2025-06-30',NULL,'2025-07-12','None','Bungalow');
INSERT INTO users VALUES('f67a94eb-b1f9-4858-9e37-72b25df9b991','2025-07-02 17:15:24','2025-07-05 13:02:19','Linn','Win','','linnlinnwin@papae.com','6','','Female','','participant',0,'2025-06-29','2025-07-05 13:02:19','2025-07-05','Vegetarian','None');
INSERT INTO users VALUES('4b465b40-2cf2-4e73-a14d-34b1651e7a84','2025-07-02 17:16:56','2025-07-02 17:29:21','Ronja','Schalow','','ronjaschalow@papae.com','7','','Female','','participant',0,'2025-07-01',NULL,'2025-07-03','Vegetarian','None');
INSERT INTO users VALUES('0147166b-1740-4314-a89f-698efa482859','2025-07-02 17:18:42','2025-07-02 19:42:54','Santiago','Santiago','','santiago@papae.com','8','','Male','Mexico','participant',0,'2025-07-02',NULL,'2025-07-03','None','None');
INSERT INTO users VALUES('110a1d44-da76-4bcb-83b8-1d5f2d074a56','2025-07-02 17:19:48','2025-07-05 13:02:01','Su Su','Naing','','susu@papae.com','9','','Female','','participant',0,'2025-06-29','2025-07-05 13:02:01','2025-07-05','Vegetarian','None');
INSERT INTO users VALUES('d371f3da-f3fe-40ac-bff0-1fd439f5f782','2025-07-02 17:21:29','2025-07-02 17:24:34','Thanathon','Jansch','','jansch@papae.com','10','','Male','','participant',0,'2025-07-01',NULL,'2025-07-03','Vegetarian','None');
INSERT INTO users VALUES('b623e734-ba09-4ba7-bc94-54bfd2336fca','2025-07-02 17:23:17','2025-07-02 19:44:10','ปัญรัศม์','ชนม์ธนภัทรมน','','thai@papae.com','11','','Female','Thailand','participant',0,'2025-07-01',NULL,'2025-07-03','Vegetarian','None');
INSERT INTO users VALUES('7770d5ee-3b81-4dc0-9bf2-4907d90d5fa8','2025-07-02 17:28:45','2025-07-02 19:42:25','Kathy','Clair','','kathy@papae.com','12','','Female','Philippines','participant',0,'2025-07-02',NULL,'2025-07-04','None','None');
INSERT INTO users VALUES('55d1f14c-f690-44e1-840a-4378220b5064','2025-07-02 17:31:47','2025-07-05 13:01:43','Melissa','Hauck','','melissahauck@papae.com','13','','Female','','participant',0,'2025-06-27',NULL,'2025-07-07','Vegetarian','Wellness 1 ');
INSERT INTO users VALUES('3081ffb7-39b4-46c7-86ec-088586ead2a9','2025-07-02 17:34:20','2025-07-02 19:41:02','Cole','Pillitu','','colepillitu@papae.com','14','','Female','United States','participant',0,'2025-07-01',NULL,'2025-07-05','Vegetarian','None');
INSERT INTO users VALUES('d4c2e638-26c2-440f-a73f-fa0dc90f2a2b','2025-07-02 17:34:56','2025-07-05 13:05:45','Kris','Huang','','krishuang@papae.com','15','','Female','Taiwan, Province of China','participant',0,'2025-07-01',NULL,'2025-07-08','None','None');
INSERT INTO users VALUES('54dc0cb2-bcff-4958-b066-dfd2ae4b2fab','2025-07-02 17:35:30','2025-07-02 19:36:01','Tess','Hollander','','tesshollander@papae.com','16','','Female','Germany','participant',0,'2025-07-02',NULL,'2025-07-05','Vegetarian','None');
INSERT INTO users VALUES('4c306ea3-5c0f-4f48-a225-d2fb10bb3f4d','2025-07-02 17:36:05','2025-07-05 13:04:36','Arrinpas','Peerachakanyakon','','peerachakanyakon@papae.com','17','','Female','Thailand','participant',0,'2025-07-01',NULL,'2025-07-06','Vegetarian','Wellness 1 ');
INSERT INTO users VALUES('c3f08a6a-c5b0-4259-99bc-28c8dc21b08c','2025-07-02 17:37:02','2025-07-05 13:01:40','Celine','Schoemans','','celineschoemans@papae.com','18','','Female','Belgium','volunteer',0,'2025-06-27T00:00',NULL,'2025-07-05','Vegetarian','Lakw House ');
INSERT INTO users VALUES('de02f1d6-ab52-4ffb-935b-1bf5491302d1','2025-07-02 17:37:34','2025-07-02 19:32:06','Kai','Tubinshlak','','tubinshlak@papae.com','19','','Male','Canada','participant',0,'2025-07-02',NULL,'2025-07-06','None','None');
INSERT INTO users VALUES('953437b2-c304-4276-856b-1112f6a52ce7','2025-07-02 17:38:05','2025-07-02 19:30:08','Lucas','McSweeney','','mcsweeney@papae.com','20','','Male','Australia','participant',0,'2025-07-02',NULL,'2025-07-07','None','None');
INSERT INTO users VALUES('404fa375-f11a-409d-81f5-dea50f49c8b7','2025-07-02 17:38:32','2025-07-05 13:04:26','Vitor','Lopes','','lopes@papae.com','21','','Male','Brazil','participant',0,'2025-07-01',NULL,'2025-07-08','Vegetarian','Waterfall 1');
INSERT INTO users VALUES('dc3148b0-ae78-4d97-b40c-947e5d3f032c','2025-07-02 17:39:04','2025-07-05 13:01:30','Aziz','Mohammed','','mohammed@papae.com','22','','Male','Saudi Arabia','volunteer',0,'2025-06-16',NULL,'2025-07-10','None','Centerhall Room');
INSERT INTO users VALUES('fc3b27f5-8ae8-499d-b69b-1bbf117195e2','2025-07-02 17:40:17','2025-07-05 12:27:32','Freddie','Lyon','','freddielyon@papae.com','23','','Male','United Kingdom','volunteer',0,'2025-06-16',NULL,'2025-07-10','None','Bungalow');
INSERT INTO users VALUES('103430a7-a815-46d3-b09e-8a00a884667c','2025-07-02 17:40:43','2025-07-05 13:04:06','Owen','Goulding','','goulding@papae.com','24','','Male','United Kingdom','participant',0,'2025-07-01',NULL,'2025-07-08','Vegetarian','Waterfall 1');
INSERT INTO users VALUES('56466cb4-31af-4d59-83f2-17b39776e0e3','2025-07-02 17:41:15','2025-07-05 12:59:47','Violeta','Borrisser Vila','','borrisservila@papae.com','25','','Female','','volunteer',0,'2025-06-16',NULL,'2025-07-17','Vegetarian','Lakw House ');
INSERT INTO users VALUES('f00927fc-e482-4e2d-a8fd-420612dc26b4','2025-07-02 17:43:47','2025-07-05 13:01:27','Enrique','Wintsch','','wintsch@papae.com','26','','Male','','participant',0,'2025-06-26',NULL,'2025-07-23','None','Pool View Kuti');
INSERT INTO users VALUES('70ecdd26-0432-41c8-b904-c55735838eeb','2025-07-02 17:45:49','2025-07-05 12:29:08','Robert','Choi','','robertchoi@papae.com','27','','Male','','participant',0,'2025-07-02',NULL,'2025-07-23','None','Waterfall 1');
INSERT INTO users VALUES('ff70e03f-d1d3-47ff-b85f-49125488756d','2025-07-02 17:46:16','2025-07-05 13:01:19','Anahi','Horeno','','horeno@papae.com','28','','Female','Argentina','volunteer',0,'2025-02-14',NULL,'2025-07-31','Vegetarian','Lakw House ');
INSERT INTO users VALUES('652bbb9b-4875-4e26-9e24-4e11f2855b2a','2025-07-02 19:57:29','2025-07-05 12:57:09','Emma','Liu','','emmaliu@papae.com','30','','Female','','participant',0,'2025-06-27','2025-07-05 12:57:09','2025-07-05','Vegetarian','None');
INSERT INTO users VALUES('874c6253-ede3-4a5a-b8e9-03ee1742aac1','2025-07-02 19:59:41','2025-07-05 13:01:56','Joseph','Turner','','josephturner@papae.com','31','','Male','United Kingdom','participant',0,'2025-06-29','2025-07-05 13:01:55','2025-07-05','None','None');
INSERT INTO users VALUES('b3c6c116-431c-42e5-9155-165c6bd485c6','2025-07-02 20:43:09','2025-07-05 13:01:57','Lea','Fischbach','','fischbach@papae.com','32','','Female','Germany','participant',0,'2025-06-29','2025-07-05 13:01:57','2025-07-05','Vegetarian','None');
INSERT INTO users VALUES('354dbc16-1538-4f68-aef3-dd01959b9e42','2025-07-02 20:44:23','2025-07-05 12:57:06','Leonie','Böllertz','','bollertz@papae.com','33','','Female','Germany','participant',0,'2025-06-27','2025-07-05 12:57:05','2025-07-05','Vegetarian','None');
INSERT INTO users VALUES('34b711a7-1574-49e3-8c13-194fe987f038','2025-07-02 20:45:50','2025-07-05 12:57:01','Pavic','Aurore','','aurore@papae.com','34','','Male','France','participant',0,'2025-06-27','2025-07-05 12:57:00','2025-07-05','None','None');
INSERT INTO users VALUES('9a3d14fd-f422-43f0-95c6-873b927263ea','2025-07-02 20:47:47','2025-07-05 13:01:55','Romain','Connan','','connan@papae.com','35','','Male','France','participant',0,'2025-06-29','2025-07-05 13:01:54','2025-07-05','None','None');
INSERT INTO users VALUES('00000000-0000-0000-0000-000000000001','2025-07-02 21:18:52','2025-07-02 21:18:52','','','$2a$12$k5a572C2cVBFexxJ6O5sq.0tOreTtqYaqAeNbphLrARlqwpjIW/TO','volunteer@papae.com','072','','Male','','admin',0,'2025-07-02 21:18:52',NULL,'',NULL,'None');
INSERT INTO users VALUES('da826b03-2ef8-4b5d-9210-41a97c24fa54','2025-07-03 12:56:45','2025-07-03 22:36:52','Testing','Test','','test@gmail.com','8374738','','Female','Antigua and Barbuda','participant',6,'2025-07-03 22:36','2025-07-03 22:36:52','2025-07-03','Vegetarian','None');
INSERT INTO users VALUES('6857f7e5-7568-4327-ba5a-93ffd0a6269d','2025-07-03 15:21:48','2025-07-03 15:21:48','Lagutin','Noname','','lagutin@noemail.com','111','','Male','Russian Federation','participant',0,'2025-07-03 15:21:48','','2025-07-06','None','None');
INSERT INTO users VALUES('e944bfdb-8627-4055-b60e-94927fe2e4a4','2025-07-03 15:23:08','2025-07-05 12:51:54','Arjan','Dwarshuis','','arjan@noemail.com','1111','','Male','Netherlands','participant',0,'2025-07-03 15:23:08','','2025-07-05','Vegetarian','Wellness 1 ');
INSERT INTO users VALUES('1bf41da7-f4b7-4d46-a8ac-f08435591632','2025-07-03 15:53:29','2025-07-03 15:53:29','Sofia','Paola','','sofiapaola5004@gmail.com','+34601292559','','Female','Spain','participant',0,'2025-07-03 15:53:29','','2025-07-06','None','None');
INSERT INTO users VALUES('00185d24-1fae-4b6d-8f0a-632f10093a24','2025-07-03 15:54:25','2025-07-03 15:54:25','Ali','Alhamoud','','ali_ah37@outlook.com','+966506881551','','Male','Saudi Arabia','participant',0,'2025-07-03 15:54:25','','2025-07-06','None','None');
INSERT INTO users VALUES('ed721751-c92a-4175-bc17-50fc6d1a1388','2025-07-03 15:58:16','2025-07-03 20:35:02','Leah','Morassut','','leah.morassut@gmail.com','2897957292','','Female','Canada','participant',0,'2025-07-03 15:58:16','','2025-07-05','None','None');
INSERT INTO users VALUES('78d901f6-f03f-4279-81ac-05c05b299f0a','2025-07-03 20:49:16','2025-07-03 20:49:29','New','Participant','','new@noemail','123','','Female','Albania','participant',1,'2025-07-03 20:49:16','2025-07-03 20:49:29','2025-07-03','Vegetarian','None');
INSERT INTO users VALUES('5084659b-c68c-47d4-8a6f-e6610e991091','2025-07-03 22:41:59','2025-07-03 22:42:10','Test33','Test33','','restinggg@jdhd','7373','','Female','Anguilla','participant',4,'2025-07-03 22:41:59','2025-07-03 22:42:10','2025-07-03','Vegetarian','None');
INSERT INTO users VALUES('14a53cbc-2b3a-4754-8dd1-5a1384ea82f0','2025-07-04 17:01:45','2025-07-05 12:39:02','Lukasz','Nowicki','','lukasz.nowicki26@gmail.com','+48662835347','','Male','Poland','participant',0,'2025-07-04 17:01:45','','2025-07-07','None','None');
INSERT INTO users VALUES('1776d1a4-4579-430b-9796-aefb7bdef08b','2025-07-05 14:22:28','2025-07-05 14:22:28','Léa','Bouteiller','','bouteiller.leam@gmail.com','+3395901212','','Female','France','participant',1,'2025-07-05 14:22:28','','2025-07-08','None','None');
INSERT INTO users VALUES('a65424c2-5510-443b-936e-904d31f32a8d','2025-07-05 15:09:53','2025-07-05 15:09:54','Domenico','Naswetter','','dnaswetter44@gmail.com','+420739562230','','Male','Czech Republic','participant',0,'2025-07-05 15:09','','2025-07-07','None','None');
INSERT INTO users VALUES('b1b85c31-22e9-4f3b-a667-67c2a917f51d','2025-07-05 15:18:33','2025-07-05 15:18:33','Vincent','Lu','','lugistics@gmail.com','0824153466','','Male','United States','participant',0,'2025-07-05 15:18:33','','2025-07-08','None','None');
INSERT INTO users VALUES('bccf1ac4-8967-437b-88f7-498795f87695','2025-07-05 15:25:43','2025-07-05 15:25:43','Steve','Pyo','','stepanopyo@gmail.com','6196487000','','Male','United States','participant',0,'2025-07-05 15:25:43','','2025-07-09','None','None');
INSERT INTO users VALUES('e5ad46e7-8e7b-408e-a70f-b21c7994139f','2025-07-05 16:45:29','2025-07-05 16:45:29','Hodaya','Zrihan','','hodayazrihan@gmail.com','+972526913586','','Female','Israel','participant',0,'2025-07-05 16:45:29','','2025-07-10','Vegetarian','None');
CREATE TABLE IF NOT EXISTS retreats (
  id INTEGER PRIMARY KEY,
  retreat_code TEXT NOT NULL,
  created_at TEXT DEFAULT (datetime ('now', '+7 hours')),
  updated_at TEXT DEFAULT (datetime ('now', '+7 hours')),
  type TEXT NOT NULL CHECK (type IN ('fixed', 'flexible')),
  start_date TEXT "",
  end_date TEXT
);
INSERT INTO retreats VALUES(0,'flexible','2025-06-29 15:08:29','2025-06-29 15:08:29','flexible',NULL,NULL);
INSERT INTO retreats VALUES(1,'fix-07-06','2025-07-01 17:23:40','2025-07-01 17:23:40','fixed','2025-07-06','2025-07-09');
INSERT INTO retreats VALUES(2,'fix-07-16','2025-07-01 17:23:52','2025-07-01 17:23:52','fixed','2025-07-16','2025-07-19');
INSERT INTO retreats VALUES(3,'fix-07-26','2025-07-02 17:57:18','2025-07-02 17:57:18','fixed','2025-07-26','2025-07-29');
INSERT INTO retreats VALUES(4,'fix-08-05','2025-07-02 17:57:35','2025-07-02 17:57:35','fixed','2025-08-05','2025-08-08');
INSERT INTO retreats VALUES(5,'fix-08-15','2025-07-02 21:37:45','2025-07-02 21:37:45','fixed','2025-08-15','2025-08-18');
INSERT INTO retreats VALUES(6,'fix-08-25','2025-07-02 21:38:07','2025-07-02 21:38:07','fixed','2025-08-25','2025-08-28');
CREATE TABLE IF NOT EXISTS roles (name TEXT PRIMARY KEY);
INSERT INTO roles VALUES('participant');
INSERT INTO roles VALUES('admin');
INSERT INTO roles VALUES('volunteer');
CREATE TABLE IF NOT EXISTS refresh_tokens (
  token TEXT PRIMARY KEY,
  created_at TEXT DEFAULT (datetime ('now', '+7 hours')),
  updated_at TEXT DEFAULT (datetime ('now', '+7 hours')),
  revoked_at TEXT,
  user_id TEXT NOT NULL,
  expires_at TEXT NOT NULL,
  FOREIGN KEY (user_id) REFERENCES users (id)
);
INSERT INTO refresh_tokens VALUES('dc3f45448fbc83f7f3971bb354a5d7d450e499e2a2138f60619d4bf3962a26fa','2025-06-29 15:10:02','2025-06-29 15:10:02',NULL,'00000000-0000-0000-0000-000000000000','2025-07-29 08:10:02.504351459 +0000 UTC m=+2592027.632427130');
INSERT INTO refresh_tokens VALUES('7557ac4a0754d48bb659f97d4cfa2345435291a95c5777a1e42746d085b25dc9','2025-06-29 15:11:07','2025-06-29 15:11:07',NULL,'00000000-0000-0000-0000-000000000000','2025-07-29 08:11:07.161895061 +0000 UTC m=+2592092.289970722');
INSERT INTO refresh_tokens VALUES('9c80bf27d664e4ab0db643473c4519691821c515032766b65a846a8c5054a312','2025-06-29 15:28:55','2025-06-29 15:28:55',NULL,'00000000-0000-0000-0000-000000000000','2025-07-29 08:28:55.266996761 +0000 UTC m=+2593160.395072423');
INSERT INTO refresh_tokens VALUES('6ff50ee66273f5feeab80f81cc1ccd00817c553fa931399057b9fd60f6057702','2025-06-29 15:31:20','2025-06-29 15:31:20',NULL,'00000000-0000-0000-0000-000000000000','2025-07-29 08:31:20.936518141 +0000 UTC m=+2593306.064593803');
INSERT INTO refresh_tokens VALUES('f26d70dec7ff15b77e66e7eae80899b686bbe2feb0d2875736dba08f41f1756c','2025-06-29 16:14:40','2025-06-29 16:14:40',NULL,'00000000-0000-0000-0000-000000000000','2025-07-29 09:14:40.731973376 +0000 UTC m=+2595905.860049037');
INSERT INTO refresh_tokens VALUES('5f38563dfa4d3f8381988f041f5ba54f5d1cd58db22ddd81af01935f40869b87','2025-06-29 16:37:35','2025-06-29 16:37:35',NULL,'00000000-0000-0000-0000-000000000000','2025-07-29 09:37:35.12217159 +0000 UTC m=+2597280.250247251');
INSERT INTO refresh_tokens VALUES('fe8c98a04316337f5e6c71cd6161303a548a62a2758411fa2eca11593ef8824c','2025-06-29 17:13:39','2025-06-29 17:13:39',NULL,'00000000-0000-0000-0000-000000000000','2025-07-29 10:13:39.467569087 +0000 UTC m=+2599444.595644748');
INSERT INTO refresh_tokens VALUES('129d15a8c67593b3939d2250decf109f3e0cee947ea7faa6ef4f9dc6e93feeea','2025-06-29 17:13:41','2025-06-29 17:13:41',NULL,'00000000-0000-0000-0000-000000000000','2025-07-29 10:13:41.653651609 +0000 UTC m=+2599446.781727280');
INSERT INTO refresh_tokens VALUES('3c651a7d3a049d1e14b5f217bd7ab9f91e4b6972b4cafd35af5f4f4f80bee1de','2025-06-29 17:41:42','2025-06-29 17:41:42',NULL,'00000000-0000-0000-0000-000000000000','2025-07-29 10:41:42.89914581 +0000 UTC m=+2601128.027221471');
INSERT INTO refresh_tokens VALUES('7e7b2dd643c0013831eff2afe8210ed656e942ef24ead3143e687b5dd7b50f38','2025-06-29 18:12:23','2025-06-29 18:12:23',NULL,'00000000-0000-0000-0000-000000000000','2025-07-29 11:12:23.23677052 +0000 UTC m=+2602968.364846191');
INSERT INTO refresh_tokens VALUES('abb5c097dabbb6a4a49d06f03896fa27b90d59ddafd48b66af0f2b9c2f955c00','2025-06-29 18:33:29','2025-06-29 18:33:29',NULL,'00000000-0000-0000-0000-000000000000','2025-07-29 18:33:29.710403 +0700 +07 m=+2592396.428323751');
INSERT INTO refresh_tokens VALUES('745e593f434f81479c857c694bb025e5efe44ae1b63f84b511c07f939f8a4861','2025-06-29 18:49:34','2025-06-29 18:49:34',NULL,'00000000-0000-0000-0000-000000000000','2025-07-29 18:49:34.636716 +0700 +07 m=+2593361.345203709');
INSERT INTO refresh_tokens VALUES('b3bbbf06911aab0917d507a116e58cb7ed229758cc078e7e4e6a1f9cb5587383','2025-06-29 18:57:15','2025-06-29 18:57:15',NULL,'00000000-0000-0000-0000-000000000000','2025-07-29 11:57:15.131980188 +0000 UTC m=+2605660.260055849');
INSERT INTO refresh_tokens VALUES('f227209a85c768fca5f44673cbfed5bcfcda1e531d6fda00df500a597941c264','2025-06-29 18:57:17','2025-06-29 18:57:17',NULL,'00000000-0000-0000-0000-000000000000','2025-07-29 11:57:17.291850218 +0000 UTC m=+2605662.419925878');
INSERT INTO refresh_tokens VALUES('6787e924a52c1cfad4d5a510352730f76c284c4cf1691aaea5d36812a8b219a2','2025-06-29 18:57:59','2025-06-29 18:57:59',NULL,'00000000-0000-0000-0000-000000000000','2025-07-29 11:57:59.165834787 +0000 UTC m=+2605704.293910448');
INSERT INTO refresh_tokens VALUES('d033fb8ad2d3a06855aa4484ad4f89321816884afc3de244f94891011620525f','2025-06-29 18:59:14','2025-06-29 18:59:14',NULL,'00000000-0000-0000-0000-000000000000','2025-07-29 11:59:14.698017238 +0000 UTC m=+2605779.826092899');
INSERT INTO refresh_tokens VALUES('2c0e9e7783a9d2ce42b9acf85560f7e5502329ad4e5d633438cbb61f9f58e121','2025-06-29 19:00:42','2025-06-29 19:00:42',NULL,'00000000-0000-0000-0000-000000000000','2025-07-29 12:00:42.23777844 +0000 UTC m=+2605867.365854111');
INSERT INTO refresh_tokens VALUES('8942c4042754817313df1652f6d9077c3ef61eef326e8cac8e5a1d489e71b343','2025-06-29 19:02:43','2025-06-29 19:02:43',NULL,'00000000-0000-0000-0000-000000000000','2025-07-29 12:02:43.088092596 +0000 UTC m=+2605988.216168257');
INSERT INTO refresh_tokens VALUES('b21084628d5a370119b43f84798a577d2e9ff3916ce364a58b126afe775d65c9','2025-06-29 19:10:42','2025-06-29 19:10:42',NULL,'00000000-0000-0000-0000-000000000000','2025-07-29 12:10:42.922962528 +0000 UTC m=+2606468.051038189');
INSERT INTO refresh_tokens VALUES('120e0d36ab5bceeadeaea60cc5ec9cd903571a6422681d046f870d671d1f1106','2025-06-29 19:15:00','2025-06-29 19:15:00',NULL,'00000000-0000-0000-0000-000000000000','2025-07-29 12:15:00.181157831 +0000 UTC m=+2606725.309233492');
INSERT INTO refresh_tokens VALUES('efd14d225b8ff70b4d9c9eeab7c4b4c0bf16f07e75aeb41462ff4e6fc8e61872','2025-06-29 19:23:27','2025-06-29 19:23:27',NULL,'00000000-0000-0000-0000-000000000000','2025-07-29 12:23:27.016578445 +0000 UTC m=+2607232.144654106');
INSERT INTO refresh_tokens VALUES('c4a51430def2b05835afa30036b2c5448eb20591f94d77ea2f1979086461258f','2025-06-29 19:24:35','2025-06-29 19:24:35',NULL,'00000000-0000-0000-0000-000000000000','2025-07-29 12:24:35.334974044 +0000 UTC m=+2607300.463049715');
INSERT INTO refresh_tokens VALUES('5ea24fbaeff9283a74007cc91757d322d5d0c36852a6b22e7f828eaf70bd6695','2025-06-29 19:24:56','2025-06-29 19:24:56',NULL,'00000000-0000-0000-0000-000000000000','2025-07-29 12:24:56.003571911 +0000 UTC m=+2607321.131647572');
INSERT INTO refresh_tokens VALUES('5e3ea10000f8a990de31176af5adc77539260f0fd466d958f0873e41c375bee5','2025-06-29 19:33:39','2025-06-29 19:33:39',NULL,'00000000-0000-0000-0000-000000000000','2025-07-29 12:33:39.443824637 +0000 UTC m=+2607844.571900298');
INSERT INTO refresh_tokens VALUES('9a6c33f80db8c62a489759fb190814da9eeb53e7578e04945435b7741cd6507e','2025-06-29 19:34:09','2025-06-29 19:34:09',NULL,'00000000-0000-0000-0000-000000000000','2025-07-29 12:34:09.725116437 +0000 UTC m=+2607874.853192108');
INSERT INTO refresh_tokens VALUES('e97621431a2efe14af71b439c29779d8742f3e9a557705f961608fe99cec5747','2025-06-29 19:38:51','2025-06-29 19:38:51',NULL,'00000000-0000-0000-0000-000000000000','2025-07-29 12:38:51.577311496 +0000 UTC m=+2608156.705387157');
INSERT INTO refresh_tokens VALUES('85a1bb4c7769d800b726b2c936cb2baec062f20a6a511880b668268b4a76fdfa','2025-06-29 20:03:09','2025-06-29 20:03:09',NULL,'00000000-0000-0000-0000-000000000000','2025-07-29 13:03:09.348443692 +0000 UTC m=+2609614.476519353');
INSERT INTO refresh_tokens VALUES('d075ced5a046b4a6a840c9d38395f7d26b8d4f00b5e6fcbc845c14ad5aaa7dcb','2025-06-29 20:13:51','2025-06-29 20:13:51',NULL,'00000000-0000-0000-0000-000000000000','2025-07-29 13:13:51.028786752 +0000 UTC m=+2610256.156862414');
INSERT INTO refresh_tokens VALUES('294988d4b37c221ad98db4dc1a247b67af3ca87956d613ee450fcd6d9778774a','2025-06-29 21:33:29','2025-06-29 21:33:29',NULL,'00000000-0000-0000-0000-000000000000','2025-07-29 14:33:29.818430916 +0000 UTC m=+2615034.946506576');
INSERT INTO refresh_tokens VALUES('8bf0125853b104d77f45910296413df437cd7c7df00df8dccadabdf0d067bf44','2025-06-29 22:49:30','2025-06-29 22:49:30',NULL,'00000000-0000-0000-0000-000000000000','2025-07-29 15:49:30.961925065 +0000 UTC m=+2619596.090000726');
INSERT INTO refresh_tokens VALUES('8260456c649d9fe0436c3c3649362dc9c9ea5d7c411aa3f8523a509c28a44aeb','2025-06-29 23:32:04','2025-06-29 23:32:04',NULL,'00000000-0000-0000-0000-000000000000','2025-07-29 16:32:04.345985054 +0000 UTC m=+2622149.474060725');
INSERT INTO refresh_tokens VALUES('8bfb620712f45a365d322442e99dd39d27016a1758067a7bc2b6c8a6e3993aaa','2025-06-30 16:59:19','2025-06-30 16:59:19',NULL,'00000000-0000-0000-0000-000000000000','2025-07-30 09:59:19.316088102 +0000 UTC m=+2684984.444165560');
INSERT INTO refresh_tokens VALUES('2e6ce513f6c74eb7f9085202fd05531ad72d4d3e71113ee183ebc4d8d2dbb0fd','2025-06-30 18:57:16','2025-06-30 18:57:16',NULL,'00000000-0000-0000-0000-000000000000','2025-07-30 11:57:16.435416235 +0000 UTC m=+2692061.563493426');
INSERT INTO refresh_tokens VALUES('aa16995ccf0af4ea8bc9e337689bc016378c0c602219e1e0f2b24f373561c2b5','2025-06-30 18:57:17','2025-06-30 18:57:17',NULL,'00000000-0000-0000-0000-000000000000','2025-07-30 11:57:17.537314408 +0000 UTC m=+2692062.665391662');
INSERT INTO refresh_tokens VALUES('8e059606c1174f17768980e51ffb859a5282066fe80174f424d8530b83e91bde','2025-06-30 21:29:32','2025-06-30 21:29:32',NULL,'00000000-0000-0000-0000-000000000000','2025-07-30 14:29:32.512726317 +0000 UTC m=+2701197.640803380');
INSERT INTO refresh_tokens VALUES('0ada53a1cfe5b6e6ed1ba42b4d6bc9de2ac8fde89ee6498a75bb2d6485af09ac','2025-06-30 21:29:33','2025-06-30 21:29:33',NULL,'00000000-0000-0000-0000-000000000000','2025-07-30 14:29:33.696163755 +0000 UTC m=+2701198.824240685');
INSERT INTO refresh_tokens VALUES('62038fc026dba542f52b84d5d4d6c49d9615f3c47590ea07a4a814eac45d337d','2025-07-01 12:14:56','2025-07-01 12:14:56',NULL,'00000000-0000-0000-0000-000000000000','2025-07-31 05:14:56.120754676 +0000 UTC m=+2754321.248831482');
INSERT INTO refresh_tokens VALUES('27bf0da0a09cc2bb7d9c4640b34449018007d2970bb2edd7a40b509e18a8e11c','2025-07-01 12:32:57','2025-07-01 12:32:57',NULL,'00000000-0000-0000-0000-000000000000','2025-07-31 05:32:57.206635788 +0000 UTC m=+2755402.334715226');
INSERT INTO refresh_tokens VALUES('b092ae0eaa650f5093465e99baf903b548f086d95982594c6b88eada91fa46e8','2025-07-01 12:35:52','2025-07-01 12:35:52',NULL,'00000000-0000-0000-0000-000000000000','2025-07-31 05:35:52.791997834 +0000 UTC m=+2755577.920074978');
INSERT INTO refresh_tokens VALUES('c9fa36fe2ed7d9fdd44b29bd94497e96b5162e9d63701f869a7295b398552c82','2025-07-01 12:36:33','2025-07-01 12:36:33',NULL,'00000000-0000-0000-0000-000000000000','2025-07-31 05:36:33.671419042 +0000 UTC m=+2755618.799498038');
INSERT INTO refresh_tokens VALUES('d8d90b5620636820092b629a997250fe8f5c4616d676098c55d72312de7a4fcf','2025-07-01 12:36:56','2025-07-01 12:36:56',NULL,'00000000-0000-0000-0000-000000000000','2025-07-31 05:36:56.229588164 +0000 UTC m=+2755641.357665729');
INSERT INTO refresh_tokens VALUES('3523b5272d4bb28edd08e85b7c6b9d6dbd7d37c4a3d28e43c6c0eda224e5e2a2','2025-07-01 12:51:41','2025-07-01 12:51:41',NULL,'00000000-0000-0000-0000-000000000000','2025-07-31 05:51:41.192076159 +0000 UTC m=+2756526.320153612');
INSERT INTO refresh_tokens VALUES('56fc1e2bafe350a69a9bfbccad3dd0fc9a34141d16c300826453856d10ae8463','2025-07-01 13:37:34','2025-07-01 13:37:34',NULL,'00000000-0000-0000-0000-000000000000','2025-07-31 06:37:34.588100868 +0000 UTC m=+2759279.716177983');
INSERT INTO refresh_tokens VALUES('1dec46c9dd0503f7257b6e55cb4e622d62a0022e29d40455872ccefb57140fd3','2025-07-01 17:01:11','2025-07-01 17:01:11',NULL,'00000000-0000-0000-0000-000000000000','2025-07-31 10:01:11.655572786 +0000 UTC m=+2771496.783651104');
INSERT INTO refresh_tokens VALUES('d46ded715c2e58d1142f9113033a75c13d13c257ea51cef5dffd1ddbdc85dbb9','2025-07-01 17:04:02','2025-07-01 17:04:02',NULL,'00000000-0000-0000-0000-000000000000','2025-07-31 10:04:02.107138603 +0000 UTC m=+2771667.235215946');
INSERT INTO refresh_tokens VALUES('a67a60c7709a815b18243c98fe69633740bf57f525697a483ce14d1103aa20b9','2025-07-01 17:12:02','2025-07-01 17:12:02',NULL,'00000000-0000-0000-0000-000000000000','2025-07-31 10:12:02.171605674 +0000 UTC m=+2772147.299682802');
INSERT INTO refresh_tokens VALUES('5264652e41f1906d7966f252c4f6b55d03762d9fbec1dd1d3244cfbd32420c8f','2025-07-01 17:19:10','2025-07-01 17:19:10',NULL,'00000000-0000-0000-0000-000000000000','2025-07-31 10:19:10.043837472 +0000 UTC m=+2772575.171914589');
INSERT INTO refresh_tokens VALUES('1b83f8c74383505e3c4d311c518b34b2ba2cfa28c0ed9da699fd7c2d2104488a','2025-07-01 17:22:09','2025-07-01 17:22:09',NULL,'00000000-0000-0000-0000-000000000000','2025-07-31 10:22:09.363906012 +0000 UTC m=+2772754.491984216');
INSERT INTO refresh_tokens VALUES('6a544ad43dca4f3956485c8b9969a9f8fce0fdb7638fa1f84bb47d67f15de0ab','2025-07-01 17:29:58','2025-07-01 17:29:58',NULL,'00000000-0000-0000-0000-000000000000','2025-07-31 10:29:58.824988856 +0000 UTC m=+2773223.953065899');
INSERT INTO refresh_tokens VALUES('a7c427487d66e541db5bd6d969d9112bfc3fe973e5a3427ebe9702a0028fd8b8','2025-07-01 18:06:49','2025-07-01 18:06:49',NULL,'00000000-0000-0000-0000-000000000000','2025-07-31 11:06:49.882305563 +0000 UTC m=+2775435.010382850');
INSERT INTO refresh_tokens VALUES('f73dcbef00067d4a9237d90c98dd0626d4c8ea8066c90a49105658699c227e91','2025-07-01 18:46:28','2025-07-01 18:46:28',NULL,'00000000-0000-0000-0000-000000000000','2025-07-31 11:46:28.26271506 +0000 UTC m=+2777813.390791912');
INSERT INTO refresh_tokens VALUES('01118bf8a4946edb62338598b0706d0ba8379c30e41064ed65b8be64e0757917','2025-07-01 19:11:17','2025-07-01 19:11:17',NULL,'00000000-0000-0000-0000-000000000000','2025-07-31 12:11:17.251369836 +0000 UTC m=+2779302.379447227');
INSERT INTO refresh_tokens VALUES('e279c480ceff906807c470c3e4d8fba70f61cabbafd6aecd205b9fd982db3842','2025-07-01 19:17:56','2025-07-01 19:17:56',NULL,'00000000-0000-0000-0000-000000000000','2025-07-31 19:17:56.267498 +0700 +07 m=+2592457.291602751');
INSERT INTO refresh_tokens VALUES('8d1f39810bd1dc088e66f4a02957068812dfa7e1a7135589dbe816852e56d2a8','2025-07-01 20:21:18','2025-07-01 20:21:18',NULL,'00000000-0000-0000-0000-000000000000','2025-07-31 13:21:18.576628668 +0000 UTC m=+2783503.704705903');
INSERT INTO refresh_tokens VALUES('6a63a4dea504aae5f3f3c6e39125a893f07bc3e56cd555e371cbd5edf38f1a4a','2025-07-01 20:26:30','2025-07-01 20:26:30',NULL,'00000000-0000-0000-0000-000000000000','2025-07-31 13:26:30.839881523 +0000 UTC m=+2783815.967958742');
INSERT INTO refresh_tokens VALUES('f615463725d60fa4fd5147881acc53aee7cbb4d8e822a8e27d8514b0cd7a5cf5','2025-07-01 20:49:00','2025-07-01 20:49:00',NULL,'00000000-0000-0000-0000-000000000000','2025-07-31 13:49:00.537674717 +0000 UTC m=+2592055.420417492');
INSERT INTO refresh_tokens VALUES('b8d93d7afca9d67b1add50be812c0d2e7c099668b3c929f8c93f340f7702bcd6','2025-07-01 20:56:09','2025-07-01 20:56:09',NULL,'00000000-0000-0000-0000-000000000000','2025-07-31 13:56:09.607321339 +0000 UTC m=+2592484.490064114');
INSERT INTO refresh_tokens VALUES('569972352af78724c5c1f9257b25d83edf1d3c29b1ad007a90545a6a5dfee5f4','2025-07-01 21:05:22','2025-07-01 21:05:22',NULL,'00000000-0000-0000-0000-000000000000','2025-07-31 14:05:22.616846034 +0000 UTC m=+2593037.499588809');
INSERT INTO refresh_tokens VALUES('910d8233e8c7d5f560c05f82cc934226cbf4f5be339c611626815824df6de56c','2025-07-01 21:21:44','2025-07-01 21:21:44',NULL,'00000000-0000-0000-0000-000000000000','2025-07-31 14:21:44.405545763 +0000 UTC m=+2594019.288288548');
INSERT INTO refresh_tokens VALUES('c0e009929a339d02dbf92707d8e915e702aa6ad2885a54e682b25ebaac1b6d0e','2025-07-01 21:41:13','2025-07-01 21:41:13',NULL,'00000000-0000-0000-0000-000000000000','2025-07-31 14:41:12.990672074 +0000 UTC m=+2595187.873414849');
INSERT INTO refresh_tokens VALUES('09b4aab518abefded4d6d8198b85ee83d877c07fcaafcce431140bf911c1ab6c','2025-07-02 06:15:26','2025-07-02 06:15:26',NULL,'00000000-0000-0000-0000-000000000000','2025-07-31 23:15:26.878543237 +0000 UTC m=+2621396.401941964');
INSERT INTO refresh_tokens VALUES('94957c169f17b3c6736ff24ba05a829b091fde497adf8a046ac1867aff40155a','2025-07-02 10:31:22','2025-07-02 10:31:22',NULL,'00000000-0000-0000-0000-000000000000','2025-08-01 03:31:22.888096427 +0000 UTC m=+2636752.411495154');
INSERT INTO refresh_tokens VALUES('3703cf9f9ed8a713bd417ea46c5e7b612b2ee9638672dd66e97c607d0a72ba04','2025-07-02 11:19:46','2025-07-02 11:19:46',NULL,'00000000-0000-0000-0000-000000000000','2025-08-01 04:19:46.70322719 +0000 UTC m=+2639656.226625917');
INSERT INTO refresh_tokens VALUES('73ca5f24bcc30508f8268fecbed238e7d1368685a085786694458c2138631538','2025-07-02 11:32:08','2025-07-02 11:32:08',NULL,'00000000-0000-0000-0000-000000000000','2025-08-01 04:32:08.790575961 +0000 UTC m=+2640398.313974688');
INSERT INTO refresh_tokens VALUES('2dfc628fbb0284167a84ca9e12d2766f776596c5124bdde5ad1834643674b515','2025-07-02 11:32:15','2025-07-02 11:32:15',NULL,'00000000-0000-0000-0000-000000000000','2025-08-01 04:32:15.695431214 +0000 UTC m=+2640405.218829941');
INSERT INTO refresh_tokens VALUES('9d61e16004e40d2376849ca252b88268e867040a5c9843efe0246adabc5977f7','2025-07-02 11:52:49','2025-07-02 11:52:49',NULL,'00000000-0000-0000-0000-000000000000','2025-08-01 04:52:49.043387589 +0000 UTC m=+2641638.566786326');
INSERT INTO refresh_tokens VALUES('ba985193137c82cbba5b2fd21bd195530eb6b02dd9b26eda7fcef0e9335ada2f','2025-07-02 11:58:48','2025-07-02 11:58:48',NULL,'00000000-0000-0000-0000-000000000000','2025-08-01 04:58:48.918947008 +0000 UTC m=+2641998.442345735');
INSERT INTO refresh_tokens VALUES('353edc089a718bad76d2dc3bdf92f2e859e5310d72ef309c70f36823580e1aaf','2025-07-02 12:01:01','2025-07-02 12:01:01',NULL,'00000000-0000-0000-0000-000000000000','2025-08-01 05:01:01.308914017 +0000 UTC m=+2642130.832312744');
INSERT INTO refresh_tokens VALUES('545295519ababfbd19144d909084e13fe2cf586707e218eadaa35c146f8dfe6f','2025-07-02 12:03:28','2025-07-02 12:03:28',NULL,'00000000-0000-0000-0000-000000000000','2025-08-01 05:03:28.572191858 +0000 UTC m=+2642278.095590585');
INSERT INTO refresh_tokens VALUES('44a128913a558af97e8ad8848b76f0dafffb0c70545e5e27c1840a1159c13acd','2025-07-02 12:06:16','2025-07-02 12:06:16',NULL,'00000000-0000-0000-0000-000000000000','2025-08-01 05:06:16.512951615 +0000 UTC m=+2642446.036350342');
INSERT INTO refresh_tokens VALUES('ce535552ff9e887441cbb34e36b13f551a003271646d4bee7cc6ef366d176f35','2025-07-02 12:08:35','2025-07-02 12:08:35',NULL,'00000000-0000-0000-0000-000000000000','2025-08-01 05:08:35.011726728 +0000 UTC m=+2642584.535125455');
INSERT INTO refresh_tokens VALUES('6087148555f15aff2545d8823f2d2778d8706be4bb5b873438cebd8bb000614c','2025-07-02 12:33:39','2025-07-02 12:33:39',NULL,'00000000-0000-0000-0000-000000000000','2025-08-01 05:33:39.524958561 +0000 UTC m=+2644089.048357278');
INSERT INTO refresh_tokens VALUES('925843947b31dc87449cc3df0f79cf9a9d57ec0da674a044de8f422a4ae2969e','2025-07-02 12:35:22','2025-07-02 12:35:22',NULL,'00000000-0000-0000-0000-000000000000','2025-08-01 05:35:22.726162772 +0000 UTC m=+2644192.249561499');
INSERT INTO refresh_tokens VALUES('3c8f960a66c28f8311d222012e03e6e4ce72f9251d5d9fd6d88d6aad5f52a8c2','2025-07-02 12:41:57','2025-07-02 12:41:57',NULL,'00000000-0000-0000-0000-000000000000','2025-08-01 05:41:57.839712037 +0000 UTC m=+2644587.363110764');
INSERT INTO refresh_tokens VALUES('2c22614ace4271b5100a2c51bbbb275cedc2842afa4c7d511c2b9cb17efc3327','2025-07-02 12:43:06','2025-07-02 12:43:06',NULL,'00000000-0000-0000-0000-000000000000','2025-08-01 05:43:06.810871702 +0000 UTC m=+2644656.334270429');
INSERT INTO refresh_tokens VALUES('7d1fe4ec9c3d2b19a86c9d1f2919d5fd0f83ac5e2f47319f5ff815e19fbaaddf','2025-07-02 12:51:59','2025-07-02 12:51:59',NULL,'00000000-0000-0000-0000-000000000000','2025-08-01 05:51:59.373630289 +0000 UTC m=+2645188.897029026');
INSERT INTO refresh_tokens VALUES('b29308a65356195e890ff4f1f5a86af4339d7ae6e2bf53890fd550ea953fcd59','2025-07-02 12:52:43','2025-07-02 12:52:43',NULL,'00000000-0000-0000-0000-000000000000','2025-08-01 05:52:43.877909637 +0000 UTC m=+2645233.401308364');
INSERT INTO refresh_tokens VALUES('f19576ce2a407233b1a324643e78f63642daf71ebeafa26606075f0349c3fa03','2025-07-02 12:58:55','2025-07-02 12:58:55',NULL,'00000000-0000-0000-0000-000000000000','2025-08-01 05:58:55.641504037 +0000 UTC m=+2645605.164902764');
INSERT INTO refresh_tokens VALUES('0285946daa1cb9761e498c116134b9d1ba6a460f7d53660b3446a23241607271','2025-07-02 12:59:35','2025-07-02 12:59:35',NULL,'00000000-0000-0000-0000-000000000000','2025-08-01 05:59:35.126784937 +0000 UTC m=+2645644.650183664');
INSERT INTO refresh_tokens VALUES('830cca4b55b941a4e600e22932b79d7c49379d427c5a36f8b1faf862343ec91a','2025-07-02 13:02:06','2025-07-02 13:02:06',NULL,'00000000-0000-0000-0000-000000000000','2025-08-01 06:02:06.844680801 +0000 UTC m=+2645796.368079528');
INSERT INTO refresh_tokens VALUES('3c8638c859c70eb681c4d93cfa93968ba20f3923206d913c3fc8161ecc391807','2025-07-02 13:03:49','2025-07-02 13:03:49',NULL,'00000000-0000-0000-0000-000000000000','2025-08-01 06:03:49.417331852 +0000 UTC m=+2645898.940730579');
INSERT INTO refresh_tokens VALUES('3d7abb8b5b4a7e4a4dfb249b0740a35f9e6dadcecd0233831861b12f70b46af3','2025-07-02 13:05:42','2025-07-02 13:05:42',NULL,'00000000-0000-0000-0000-000000000000','2025-08-01 06:05:42.046263996 +0000 UTC m=+2646011.569662723');
INSERT INTO refresh_tokens VALUES('013762a27138fd39e3e2b708600a8b61b0267a8159269aa5938ecfd00adb733f','2025-07-02 13:06:46','2025-07-02 13:06:46',NULL,'00000000-0000-0000-0000-000000000000','2025-08-01 06:06:46.717522864 +0000 UTC m=+2646076.240921591');
INSERT INTO refresh_tokens VALUES('848b68df052ddab9a274d91248731cc7a38b41dc87c4c2a16ad1aa90a0ed95cb','2025-07-02 13:25:29','2025-07-02 13:25:29',NULL,'00000000-0000-0000-0000-000000000000','2025-08-01 06:25:29.058232734 +0000 UTC m=+2647198.581631461');
INSERT INTO refresh_tokens VALUES('67449ac8850d607f72ac6127c72e91803a725bd1484c64ce98fb30491ceaa402','2025-07-02 13:25:30','2025-07-02 13:25:30',NULL,'00000000-0000-0000-0000-000000000000','2025-08-01 06:25:30.214709861 +0000 UTC m=+2647199.738108588');
INSERT INTO refresh_tokens VALUES('e55d32c7188aeea9e482fc2e8db7a3062df2430aae2362130133e52ff4aef07b','2025-07-02 13:34:32','2025-07-02 13:34:32',NULL,'00000000-0000-0000-0000-000000000000','2025-08-01 06:34:32.181979947 +0000 UTC m=+2647741.705378674');
INSERT INTO refresh_tokens VALUES('5d11d0012f16989c464f9a2f0b32ea4ed7d03a62298dc18bf14b30ff2ca0e9b5','2025-07-02 14:25:33','2025-07-02 14:25:33',NULL,'00000000-0000-0000-0000-000000000000','2025-08-01 07:25:33.783133867 +0000 UTC m=+2650803.306532594');
INSERT INTO refresh_tokens VALUES('dca2e750f529dac9a39049ce455d269e8282192b87f35abb0b66faf8037b4eb7','2025-07-02 14:42:29','2025-07-02 14:42:29',NULL,'00000000-0000-0000-0000-000000000000','2025-08-01 07:42:29.286732973 +0000 UTC m=+2651818.810131700');
INSERT INTO refresh_tokens VALUES('6e0c9dc8ea42cb11de3d87225357e505168f2795121e3238bfd19c8b2185f81a','2025-07-02 14:44:15','2025-07-02 14:44:15',NULL,'00000000-0000-0000-0000-000000000000','2025-08-01 07:44:15.863509343 +0000 UTC m=+2651925.386908070');
INSERT INTO refresh_tokens VALUES('03e805efdad7515c8d6908eaac8e5bd2aa595b9830017aa44e242373685bac66','2025-07-02 15:01:07','2025-07-02 15:01:07',NULL,'00000000-0000-0000-0000-000000000000','2025-08-01 08:01:07.875863149 +0000 UTC m=+2652937.399261876');
INSERT INTO refresh_tokens VALUES('009ad49366623c33160fca3dec8cceccf398aae50dc88c950d101b61ca615e89','2025-07-02 15:03:37','2025-07-02 15:03:37',NULL,'00000000-0000-0000-0000-000000000000','2025-08-01 08:03:37.513755824 +0000 UTC m=+2653087.037154551');
INSERT INTO refresh_tokens VALUES('7c29c3d3c5c87c9f69a66011bb01c25b244a37ba70b794a0bc5592e76ed8f7cd','2025-07-02 15:56:18','2025-07-02 15:56:18',NULL,'00000000-0000-0000-0000-000000000000','2025-08-01 08:56:18.215354632 +0000 UTC m=+2592039.488190957');
INSERT INTO refresh_tokens VALUES('5f3ddcc66c14c2a52884f686417ec5172a64e2b2d48d4de82de6f07443949bca','2025-07-02 16:38:02','2025-07-02 16:38:02',NULL,'00000000-0000-0000-0000-000000000000','2025-08-01 09:38:02.515127175 +0000 UTC m=+2594543.787963500');
INSERT INTO refresh_tokens VALUES('293cd2da38f8f2e599c87a37007a4788a792b7a5e37f1a76545b51679595ed0c','2025-07-02 16:40:15','2025-07-02 16:40:15',NULL,'00000000-0000-0000-0000-000000000000','2025-08-01 09:40:15.747363423 +0000 UTC m=+2594677.020199748');
INSERT INTO refresh_tokens VALUES('08facba3019b2bab1fee1baf1544aa4672872143cd5c486dcc0701df1c80384d','2025-07-02 16:40:18','2025-07-02 16:40:18',NULL,'00000000-0000-0000-0000-000000000000','2025-08-01 09:40:18.562441528 +0000 UTC m=+2594679.835277853');
INSERT INTO refresh_tokens VALUES('63a159a4397ecb533cb8ea4422573b392b7c8920f4e48086ca0ce00ead79ded0','2025-07-02 16:54:19','2025-07-02 16:54:19',NULL,'00000000-0000-0000-0000-000000000000','2025-08-01 09:54:19.186259645 +0000 UTC m=+2595520.459095970');
INSERT INTO refresh_tokens VALUES('b893b57c3eac0453de52688e7f842906c7ce0547dbf30658dc1543889c6809ef','2025-07-02 17:09:48','2025-07-02 17:09:48',NULL,'00000000-0000-0000-0000-000000000000','2025-08-01 10:09:48.111371462 +0000 UTC m=+2596449.384207787');
INSERT INTO refresh_tokens VALUES('265c7611bc8329205541851213754511f1b2df40859d9923ec808295d8f44b41','2025-07-02 17:28:55','2025-07-02 17:28:55',NULL,'00000000-0000-0000-0000-000000000000','2025-08-01 10:28:55.16271965 +0000 UTC m=+2597596.435555975');
INSERT INTO refresh_tokens VALUES('6c0a3742a46cdecf6ef258fa151da4e937b6d2dbf63374a89aababe41511f794','2025-07-02 17:44:24','2025-07-02 17:44:24',NULL,'00000000-0000-0000-0000-000000000000','2025-08-01 10:44:24.628704858 +0000 UTC m=+2598525.901541183');
INSERT INTO refresh_tokens VALUES('9a191b8364dece2f765e5d8b62f2eeff9b0dd14e20f4bc53779f07b3722ad95e','2025-07-02 18:00:11','2025-07-02 18:00:11',NULL,'00000000-0000-0000-0000-000000000000','2025-08-01 11:00:11.198910032 +0000 UTC m=+2599472.471746357');
INSERT INTO refresh_tokens VALUES('8eb66b575d23d6c795d232d17c61cb3a41b6cab5b9f59d542e270edb1aa2b7a7','2025-07-02 18:04:30','2025-07-02 18:04:30',NULL,'00000000-0000-0000-0000-000000000000','2025-08-01 11:04:30.899231812 +0000 UTC m=+2599732.172068137');
INSERT INTO refresh_tokens VALUES('8082188b27a28dbd519d58ce55ff52997fd4c415ee4d875e032422628e9b50a5','2025-07-02 18:20:33','2025-07-02 18:20:33',NULL,'00000000-0000-0000-0000-000000000000','2025-08-01 11:20:33.896640192 +0000 UTC m=+2600695.169476517');
INSERT INTO refresh_tokens VALUES('95b120e0faa5ebc2535736c83903ec817acfd76ad5275ebd3623ae03f2d3e7e7','2025-07-02 18:26:31','2025-07-02 18:26:31',NULL,'00000000-0000-0000-0000-000000000000','2025-08-01 11:26:31.665377456 +0000 UTC m=+2601052.938213781');
INSERT INTO refresh_tokens VALUES('c801757f8d50208143e6262e6b91a8200ba3526c5ac6c1f425d1ccc0eef20c13','2025-07-02 18:39:49','2025-07-02 18:39:49',NULL,'00000000-0000-0000-0000-000000000000','2025-08-01 11:39:49.147520151 +0000 UTC m=+2601850.420356476');
INSERT INTO refresh_tokens VALUES('773f6af57ed636a55de26f920cc6a429a67f590ce33c5fd15694f7633279b02e','2025-07-02 19:11:29','2025-07-02 19:11:29',NULL,'00000000-0000-0000-0000-000000000000','2025-08-01 12:11:29.933979558 +0000 UTC m=+2603751.206815883');
INSERT INTO refresh_tokens VALUES('ba8798368e5e6af335bdf7ec35a3eff551cb5037299db365a17327dbb693ba60','2025-07-02 19:26:51','2025-07-02 19:26:51',NULL,'00000000-0000-0000-0000-000000000000','2025-08-01 12:26:51.453859068 +0000 UTC m=+2604672.726695393');
INSERT INTO refresh_tokens VALUES('3f3b58263a97ab07c5bd69584fd94e3e12013a85c5cfe2102206bb97f6ded117','2025-07-02 19:42:09','2025-07-02 19:42:09',NULL,'00000000-0000-0000-0000-000000000000','2025-08-01 12:42:09.704370628 +0000 UTC m=+2605590.977206953');
INSERT INTO refresh_tokens VALUES('c8f2e5717a4d7b88324475f2b4e4fc82c65e890f51c678eb4abb34ee73cbf7ed','2025-07-02 19:59:49','2025-07-02 19:59:49',NULL,'00000000-0000-0000-0000-000000000000','2025-08-01 12:59:49.785159167 +0000 UTC m=+2606651.057995492');
INSERT INTO refresh_tokens VALUES('996aa030f58ff500852563e33ac5876ac1597f2ed93f47bf5f31229bd494297c','2025-07-02 20:23:30','2025-07-02 20:23:30',NULL,'00000000-0000-0000-0000-000000000000','2025-08-01 13:23:30.057651201 +0000 UTC m=+2608071.330487526');
INSERT INTO refresh_tokens VALUES('aff87a3d618716b562258bc39d64e2813c33b63f8533bb4598e9bee6646d91b6','2025-07-02 20:28:10','2025-07-02 20:28:10',NULL,'00000000-0000-0000-0000-000000000000','2025-08-01 13:28:10.119274281 +0000 UTC m=+2608351.392110606');
INSERT INTO refresh_tokens VALUES('18d762fb03fc2077a8465aa8cd482ccd38be41ec57e96e7f1e0c23f0f183631e','2025-07-02 20:35:07','2025-07-02 20:35:07',NULL,'00000000-0000-0000-0000-000000000000','2025-08-01 13:35:07.107252545 +0000 UTC m=+2608768.380088870');
INSERT INTO refresh_tokens VALUES('7b7f98a4975fbc2090059042d1a67ee590ad21b3fc868ab11be2a7c49c9fcc11','2025-07-02 20:50:30','2025-07-02 20:50:30',NULL,'00000000-0000-0000-0000-000000000000','2025-08-01 13:50:30.170505379 +0000 UTC m=+2609691.443341704');
INSERT INTO refresh_tokens VALUES('3f06e347d02a7d00d75474f7867582f1cf98e877eec9c743ff74fb1a8a8a66cb','2025-07-02 20:54:58','2025-07-02 20:54:58',NULL,'00000000-0000-0000-0000-000000000000','2025-08-01 13:54:58.004602863 +0000 UTC m=+2609959.277439188');
INSERT INTO refresh_tokens VALUES('97dc07c425b6020777b79fc3ce115187366029c95acd7b17638b7391df172f93','2025-07-02 21:05:46','2025-07-02 21:05:46',NULL,'00000000-0000-0000-0000-000000000000','2025-08-01 14:05:46.071658913 +0000 UTC m=+2610607.344495238');
INSERT INTO refresh_tokens VALUES('19dd010ada5cfa452cf60ddf5c811abbcaef6bec8c4099725bc41142c807b296','2025-07-02 21:19:13','2025-07-02 21:19:13',NULL,'00000000-0000-0000-0000-000000000001','2025-08-01 14:19:13.381625382 +0000 UTC m=+2611414.654461707');
INSERT INTO refresh_tokens VALUES('4c00fd61b2e4cf8f51859f58d7a9b0c34c550129cc7aa85cd96bc45f9dab5261','2025-07-02 21:19:59','2025-07-02 21:19:59',NULL,'00000000-0000-0000-0000-000000000001','2025-08-01 14:19:59.508336072 +0000 UTC m=+2611460.781172397');
INSERT INTO refresh_tokens VALUES('da043e312c2d185999b1b433850b37d1e0cf0d264b8d3cca88d0aa0d220dc326','2025-07-02 21:27:57','2025-07-02 21:27:57',NULL,'00000000-0000-0000-0000-000000000001','2025-08-01 14:27:57.777845563 +0000 UTC m=+2611939.050681888');
INSERT INTO refresh_tokens VALUES('cc5df550a6a90743e2bc722466bc45fb8d4a2246e073cc08b1e841d670b6d8e2','2025-07-02 21:28:12','2025-07-02 21:28:12',NULL,'00000000-0000-0000-0000-000000000001','2025-08-01 14:28:12.808970563 +0000 UTC m=+2611954.081806888');
INSERT INTO refresh_tokens VALUES('0a867fb2afc0460619c55b25ae785c70fc349a5eecc877624a03dadfafe019d7','2025-07-02 21:29:43','2025-07-02 21:29:43',NULL,'00000000-0000-0000-0000-000000000000','2025-08-01 14:29:43.470590713 +0000 UTC m=+2612044.743427038');
INSERT INTO refresh_tokens VALUES('74250b3fcd9fcee94b30d09ed01f90797e3f93c3565be777f8c669bac0c315b1','2025-07-02 21:41:13','2025-07-02 21:41:13',NULL,'00000000-0000-0000-0000-000000000000','2025-08-01 14:41:13.808573489 +0000 UTC m=+2612735.081409814');
INSERT INTO refresh_tokens VALUES('743945d03ca65aaa7326ec0acc23fa43034ee14f1326e1cd43619056854670c6','2025-07-02 21:49:24','2025-07-02 21:49:24',NULL,'00000000-0000-0000-0000-000000000000','2025-08-01 14:49:24.513354471 +0000 UTC m=+2613225.786190796');
INSERT INTO refresh_tokens VALUES('8c8ae70782ac13809679975fa0148d49a7cead683c0841945ad1b2916e60a999','2025-07-02 22:02:24','2025-07-02 22:02:24',NULL,'00000000-0000-0000-0000-000000000000','2025-08-01 15:02:24.039776945 +0000 UTC m=+2614005.312613280');
INSERT INTO refresh_tokens VALUES('cbff1dc926f6a23ad0f98dc3cb66145fff6e628db5864329fbf47f76a75b3cab','2025-07-02 22:22:36','2025-07-02 22:22:36',NULL,'00000000-0000-0000-0000-000000000000','2025-08-01 15:22:36.054802277 +0000 UTC m=+2615217.327638602');
INSERT INTO refresh_tokens VALUES('ba655ffabb847b722465255fe1ef0adf5648fbde99a4cd60f0c823515e1a20b7','2025-07-02 22:40:50','2025-07-02 22:40:50',NULL,'00000000-0000-0000-0000-000000000000','2025-08-01 15:40:50.318610165 +0000 UTC m=+2616311.591446490');
INSERT INTO refresh_tokens VALUES('f24ea5bf777d4ca7c933a0a79a53c57899141bf3caf6af0f374e13c8e039e3db','2025-07-02 23:06:34','2025-07-02 23:06:34',NULL,'00000000-0000-0000-0000-000000000000','2025-08-01 16:06:34.414098403 +0000 UTC m=+2617855.686934728');
INSERT INTO refresh_tokens VALUES('40da886c206e0b0d7f60377f0ed201de5859c62bd23bba5cb122079c6dde352b','2025-07-02 23:22:37','2025-07-02 23:22:37',NULL,'00000000-0000-0000-0000-000000000000','2025-08-01 16:22:37.369802299 +0000 UTC m=+2618818.642638624');
INSERT INTO refresh_tokens VALUES('f91a45b9f6f448a122b9181e2202017362c0670328c2218d7994af0589dad6df','2025-07-03 05:59:57','2025-07-03 05:59:57',NULL,'00000000-0000-0000-0000-000000000000','2025-08-01 22:59:57.481118427 +0000 UTC m=+2606373.797296518');
INSERT INTO refresh_tokens VALUES('57bc3f2e143e06d49d58ab9223ed9587665f39ea698f9e3d9148315e8871337a','2025-07-03 06:57:12','2025-07-03 06:57:12',NULL,'00000000-0000-0000-0000-000000000000','2025-08-01 23:57:12.210463232 +0000 UTC m=+2609808.526641333');
INSERT INTO refresh_tokens VALUES('901ce60551cc3129556239da406deaebac261506b2df8682aedeb8336b09c50b','2025-07-03 08:09:30','2025-07-03 08:09:30',NULL,'00000000-0000-0000-0000-000000000000','2025-08-02 01:09:30.052977884 +0000 UTC m=+2614146.369156045');
INSERT INTO refresh_tokens VALUES('94d75d895f92395732362aebb40ebac56c8e3ae441529b0666edbb9147fd4e28','2025-07-03 08:09:33','2025-07-03 08:09:33',NULL,'00000000-0000-0000-0000-000000000000','2025-08-02 01:09:33.004374857 +0000 UTC m=+2614149.320552948');
INSERT INTO refresh_tokens VALUES('87580ebe496e1cc2468d9f2c42d30da8ca650317da99c3d183e47f92eaa7c1e6','2025-07-03 08:13:20','2025-07-03 08:13:20',NULL,'00000000-0000-0000-0000-000000000000','2025-08-02 01:13:20.481834627 +0000 UTC m=+2614376.798012718');
INSERT INTO refresh_tokens VALUES('06aeeecfdf8bd53939b6c37717c0c0f346e5734cba9690d49b9808e3f7db89e6','2025-07-03 09:23:57','2025-07-03 09:23:57',NULL,'00000000-0000-0000-0000-000000000000','2025-08-02 09:23:56.828849 +0700 +07 m=+2592007.567450626');
INSERT INTO refresh_tokens VALUES('8d066eadf96bccef9bdda904f5745b5f87ccfd2372096fefdf5d47218acedaf4','2025-07-03 09:25:51','2025-07-03 09:25:51',NULL,'00000000-0000-0000-0000-000000000000','2025-08-02 02:25:51.644447536 +0000 UTC m=+2618727.960625617');
INSERT INTO refresh_tokens VALUES('bfcac9f949b05760af02ba752174ebccb10c615acc54faf878c13d946538f2c6','2025-07-03 09:31:01','2025-07-03 09:31:01',NULL,'00000000-0000-0000-0000-000000000000','2025-08-02 02:31:01.380240606 +0000 UTC m=+2619037.696418697');
INSERT INTO refresh_tokens VALUES('7be750daf4a542aaa2dbaaaa81004937423f20ae5368b992ebb0403d770cb2de','2025-07-03 09:41:12','2025-07-03 09:41:12',NULL,'00000000-0000-0000-0000-000000000000','2025-08-02 09:41:12.11685 +0700 +07 m=+2592278.349876043');
INSERT INTO refresh_tokens VALUES('bb3b8ad970a41e123d18227825a0eb7c4c11be71aff0841ae3c4a8422263528c','2025-07-03 09:41:44','2025-07-03 09:41:44',NULL,'00000000-0000-0000-0000-000000000000','2025-08-02 09:41:43.994609 +0700 +07 m=+2592310.227977334');
INSERT INTO refresh_tokens VALUES('2de90c4a2bf91fb7a3708dee1133c7c8d40fb641d115a8fe12f6ede005a859f9','2025-07-03 09:43:54','2025-07-03 09:43:54',NULL,'00000000-0000-0000-0000-000000000000','2025-08-02 09:43:53.927532 +0700 +07 m=+2592440.162296126');
INSERT INTO refresh_tokens VALUES('a37cd4426fd1d3d23ea1ca900cd8c261e61b441fc00e0127ec5c0d5184c059b9','2025-07-03 09:49:48','2025-07-03 09:49:48',NULL,'00000000-0000-0000-0000-000000000000','2025-08-02 02:49:48.69978307 +0000 UTC m=+2620165.015961161');
INSERT INTO refresh_tokens VALUES('1a11ce19bf4eeb0aabbf0f389cae0b4900462b0b9c07683592d743a091132449','2025-07-03 09:51:32','2025-07-03 09:51:32',NULL,'00000000-0000-0000-0000-000000000000','2025-08-02 09:51:32.467954 +0700 +07 m=+2592017.359697251');
INSERT INTO refresh_tokens VALUES('f4d0fad080eec6e6ea2d69411392fd9829de5ab8ce9a9382b98ccf02d511a023','2025-07-03 10:46:09','2025-07-03 10:46:09',NULL,'00000000-0000-0000-0000-000000000000','2025-08-02 03:46:09.169436286 +0000 UTC m=+2623545.485614377');
INSERT INTO refresh_tokens VALUES('296f8c32ece6f23f18c008a5be1003960de077d43b530c5cc56815892214f039','2025-07-03 11:02:25','2025-07-03 11:02:25',NULL,'00000000-0000-0000-0000-000000000000','2025-08-02 04:02:25.810386847 +0000 UTC m=+2624522.126564938');
INSERT INTO refresh_tokens VALUES('01d175617dab1e187e6fba7de2c843814c8ad8e2eacac184b359b0ba5aa7ca6f','2025-07-03 11:19:14','2025-07-03 11:19:14',NULL,'00000000-0000-0000-0000-000000000000','2025-08-02 04:19:14.017098211 +0000 UTC m=+2592026.789060042');
INSERT INTO refresh_tokens VALUES('4af5dd6ce4fecbf90f867d6bd231a2241fb879d886dc0ee38205a85522843143','2025-07-03 11:20:29','2025-07-03 11:20:29',NULL,'00000000-0000-0000-0000-000000000000','2025-08-02 04:20:29.044586721 +0000 UTC m=+2592101.816548552');
INSERT INTO refresh_tokens VALUES('c49650b51348c67fa31c42e27ec712b495005f2bd5510a86480525e9b5876877','2025-07-03 11:24:21','2025-07-03 11:24:21',NULL,'00000000-0000-0000-0000-000000000000','2025-08-02 04:24:21.940893316 +0000 UTC m=+2592340.772884082');
INSERT INTO refresh_tokens VALUES('962e6c83d175a7a26359eb084f4078385f77737c3ae7d187db356f23a31327ff','2025-07-03 11:41:23','2025-07-03 11:41:23',NULL,'00000000-0000-0000-0000-000000000000','2025-08-02 04:41:23.210056655 +0000 UTC m=+2592949.654323471');
INSERT INTO refresh_tokens VALUES('acc0f963cf2b206639a1c443fe26682d882889bc67f46a92376fc361c6a07e99','2025-07-03 12:15:59','2025-07-03 12:15:59',NULL,'00000000-0000-0000-0000-000000000000','2025-08-02 05:15:59.596920642 +0000 UTC m=+2595026.750574232');
INSERT INTO refresh_tokens VALUES('5f331297a87c8a2a52a79b4c85a4ca51ed54644e2992f7ed7efd31853f714c7e','2025-07-03 12:48:47','2025-07-03 12:48:47',NULL,'00000000-0000-0000-0000-000000000000','2025-08-02 05:48:47.746628739 +0000 UTC m=+2596994.190895556');
INSERT INTO refresh_tokens VALUES('4e4be1747037d47dab9cc941dfd33e6cb554cf36e027b3a19ea9b605374a8c4f','2025-07-03 12:49:10','2025-07-03 12:49:10',NULL,'00000000-0000-0000-0000-000000000000','2025-08-02 05:49:10.302621836 +0000 UTC m=+2597016.746888652');
INSERT INTO refresh_tokens VALUES('a3509448cfa999f1402ded3b31e7bb9117e38a3b2aed68d30f988f8d5417c6f7','2025-07-03 12:50:01','2025-07-03 12:50:01',NULL,'00000000-0000-0000-0000-000000000000','2025-08-02 05:50:01.445359104 +0000 UTC m=+2597067.889625927');
INSERT INTO refresh_tokens VALUES('ad1360c8f06c09cf65c62422c2811718f279dcaa501d744bb0b8fd1492c1e657','2025-07-03 12:50:11','2025-07-03 12:50:11',NULL,'00000000-0000-0000-0000-000000000000','2025-08-02 05:50:11.816254282 +0000 UTC m=+2597078.260521099');
INSERT INTO refresh_tokens VALUES('ecb931ba94d31c0f12d847ac03207b70401566c311ee9d1d70c970bc95ebfe68','2025-07-03 12:50:13','2025-07-03 12:50:13',NULL,'00000000-0000-0000-0000-000000000000','2025-08-02 05:50:13.153426218 +0000 UTC m=+2597079.597693035');
INSERT INTO refresh_tokens VALUES('4750624cdc6af381b4cb980364e17d47bcce59ddf5c4980d94d027afc53fab82','2025-07-03 12:50:14','2025-07-03 12:50:14',NULL,'00000000-0000-0000-0000-000000000000','2025-08-02 05:50:14.242441614 +0000 UTC m=+2597080.686708431');
INSERT INTO refresh_tokens VALUES('df2fbffe2097fc8f8dd5f8509a57c24c44af2ce2863a3f3789ff0bbb571d5e5f','2025-07-03 12:50:14','2025-07-03 12:50:14',NULL,'00000000-0000-0000-0000-000000000000','2025-08-02 05:50:14.439305917 +0000 UTC m=+2597080.883572733');
INSERT INTO refresh_tokens VALUES('84bbe1a242585e36cf6e33fa4938598ba3c673368f7a2d80c9bfd625260c3b5b','2025-07-03 12:51:39','2025-07-03 12:51:39',NULL,'00000000-0000-0000-0000-000000000000','2025-08-02 05:51:39.838873914 +0000 UTC m=+2597166.283140731');
INSERT INTO refresh_tokens VALUES('64e68622175318441008e21f341cd89cc3726aae50cd479659c14f81c8578650','2025-07-03 12:53:10','2025-07-03 12:53:10',NULL,'00000000-0000-0000-0000-000000000000','2025-08-02 05:53:10.955283661 +0000 UTC m=+2597258.108937251');
INSERT INTO refresh_tokens VALUES('8ac2f0461996369ab909304182bb74a81a44ab8430067337643a864e24019fbe','2025-07-03 13:07:45','2025-07-03 13:07:45',NULL,'00000000-0000-0000-0000-000000000000','2025-08-02 06:07:45.203646458 +0000 UTC m=+2598132.357300048');
INSERT INTO refresh_tokens VALUES('3e6bfcd520f13ba3a53e8626cb91549af0eb24bf2b8290c3f9dbd920cde95e9a','2025-07-03 13:13:21','2025-07-03 13:13:21',NULL,'00000000-0000-0000-0000-000000000000','2025-08-02 06:13:21.862741527 +0000 UTC m=+2598469.016395117');
INSERT INTO refresh_tokens VALUES('c9f24e15fcd6095a3ec60953a71ed0ba0b830ef3e76fd64d29806c90e49e50fe','2025-07-03 13:38:08','2025-07-03 13:38:08',NULL,'00000000-0000-0000-0000-000000000000','2025-08-02 06:38:08.87831164 +0000 UTC m=+2599956.031965230');
INSERT INTO refresh_tokens VALUES('b5e82c96b68dee307e242d26ee884ae4bd690112528bbc58643ef0663ac4a26a','2025-07-03 14:05:04','2025-07-03 14:05:04',NULL,'00000000-0000-0000-0000-000000000000','2025-08-02 07:05:04.525744323 +0000 UTC m=+2601571.679397923');
INSERT INTO refresh_tokens VALUES('552f2e5cf60534abd0d023287e2899ea8f4c06d2942f25f67a9af7eca6479b10','2025-07-03 14:17:45','2025-07-03 14:17:45',NULL,'00000000-0000-0000-0000-000000000000','2025-08-02 07:17:45.345151282 +0000 UTC m=+2602332.498804872');
INSERT INTO refresh_tokens VALUES('2e7b5993e3a3ec96126ee278ba33199706863670edd9f3a666c8b975215c88ec','2025-07-03 14:50:20','2025-07-03 14:50:20',NULL,'00000000-0000-0000-0000-000000000001','2025-08-02 07:50:20.035689773 +0000 UTC m=+2604286.479956589');
INSERT INTO refresh_tokens VALUES('8bca4abda61eec4ef733bb6e2d4cf5b74b7685d0be77c7fc0cb943f0e20671ca','2025-07-03 15:11:19','2025-07-03 15:11:19',NULL,'00000000-0000-0000-0000-000000000000','2025-08-02 08:11:19.198919889 +0000 UTC m=+2605546.352573479');
INSERT INTO refresh_tokens VALUES('6b1385dccbad27935865215c953b31104abb375ee39d47405368d3911080b0cb','2025-07-03 15:42:16','2025-07-03 15:42:16',NULL,'00000000-0000-0000-0000-000000000000','2025-08-02 08:42:16.857526564 +0000 UTC m=+2607403.301793381');
INSERT INTO refresh_tokens VALUES('285eed1692655ca694848d139b7288b877827339605489cb8fca83a733b390df','2025-07-03 16:02:50','2025-07-03 16:02:50',NULL,'00000000-0000-0000-0000-000000000000','2025-08-02 09:02:49.982980408 +0000 UTC m=+2608636.427247227');
INSERT INTO refresh_tokens VALUES('8f8f950d2288823a0d9cfe12411428b1f4a061b9711724df855314dc4006495d','2025-07-03 16:10:38','2025-07-03 16:10:38',NULL,'00000000-0000-0000-0000-000000000000','2025-08-02 09:10:38.202404615 +0000 UTC m=+2609105.356058205');
INSERT INTO refresh_tokens VALUES('6a734bcfe241e340f178906d6f3e92e1308ecf388020a949c51d22a473ac7f9f','2025-07-03 16:11:16','2025-07-03 16:11:16',NULL,'00000000-0000-0000-0000-000000000000','2025-08-02 09:11:15.986601336 +0000 UTC m=+2609143.140254926');
INSERT INTO refresh_tokens VALUES('9754eaf8caf359d8dbb90610cc95778f0daa4259c209e82d28d51eb8cea92c90','2025-07-03 16:19:46','2025-07-03 16:19:46',NULL,'00000000-0000-0000-0000-000000000000','2025-08-02 09:19:46.34616465 +0000 UTC m=+2609653.499818240');
INSERT INTO refresh_tokens VALUES('108128235cda86eb03e47031d9a68a90103e3ef73854c6e60c54b149ea03433c','2025-07-03 17:16:33','2025-07-03 17:16:33',NULL,'00000000-0000-0000-0000-000000000000','2025-08-02 10:16:33.339717575 +0000 UTC m=+2613059.783984391');
INSERT INTO refresh_tokens VALUES('d23f70ee49111f504683e34f7cc1a4f9505ba1679822481327eb1cfb952aefa7','2025-07-03 18:17:20','2025-07-03 18:17:20',NULL,'00000000-0000-0000-0000-000000000000','2025-08-02 11:17:20.942954591 +0000 UTC m=+2616707.387221409');
INSERT INTO refresh_tokens VALUES('551eb072393aa37623f6489de54d0063b49464fa92130c2978d08ad5f81e380a','2025-07-03 19:34:34','2025-07-03 19:34:34',NULL,'00000000-0000-0000-0000-000000000000','2025-08-02 12:34:34.444399315 +0000 UTC m=+2621341.598052905');
INSERT INTO refresh_tokens VALUES('4e0bd06bbd7e42c3ac68f76eae8c5345c9ccdca14176a88b797b6104aecd028c','2025-07-03 19:35:21','2025-07-03 19:35:21',NULL,'00000000-0000-0000-0000-000000000000','2025-08-02 12:35:21.109529296 +0000 UTC m=+2621387.553796114');
INSERT INTO refresh_tokens VALUES('4b1b9200ac91d4331d8d7f8f70fedd07f979e17a6797d3d4b787edb44ef19da8','2025-07-03 19:35:39','2025-07-03 19:35:39',NULL,'00000000-0000-0000-0000-000000000000','2025-08-02 12:35:39.165092423 +0000 UTC m=+2621405.609359240');
INSERT INTO refresh_tokens VALUES('082053adc2b7de81c596f7bc505df4c3c9cbe85cea4f2ba43e7d48ac91513bd5','2025-07-03 20:28:50','2025-07-03 20:28:50',NULL,'00000000-0000-0000-0000-000000000000','2025-08-02 13:28:50.471491493 +0000 UTC m=+2624596.915758311');
INSERT INTO refresh_tokens VALUES('b49748186504140bf13ae50686bc0bb257bd96bbdddedd4874a13bd5a0f145f3','2025-07-03 20:30:38','2025-07-03 20:30:38',NULL,'00000000-0000-0000-0000-000000000000','2025-08-02 13:30:38.645430167 +0000 UTC m=+2624705.799083757');
INSERT INTO refresh_tokens VALUES('bb71f3be1182d54cf2f1dea2fd8120ec2e42f9b54150438769caa586e022deb0','2025-07-03 20:37:10','2025-07-03 20:37:10',NULL,'00000000-0000-0000-0000-000000000000','2025-08-02 13:37:10.699417604 +0000 UTC m=+2625097.143684421');
INSERT INTO refresh_tokens VALUES('ed476acf3bd6dfab3ce2490efec4462c36b77533880bb06d2c6aa4982cb50e61','2025-07-03 20:46:08','2025-07-03 20:46:08',NULL,'00000000-0000-0000-0000-000000000000','2025-08-02 13:46:08.357548636 +0000 UTC m=+2625634.801815456');
INSERT INTO refresh_tokens VALUES('307b2101c0d9d29bf26fc4408a669a441c280b574aaf83aa3cc610710bd0104c','2025-07-03 21:43:19','2025-07-03 21:43:19',NULL,'00000000-0000-0000-0000-000000000000','2025-08-02 14:43:19.323281803 +0000 UTC m=+2592153.363125592');
INSERT INTO refresh_tokens VALUES('12bd5d2d2f8ff9d9467a395b63fd1d11f23b91c7265b56b285e8a687649bc4a5','2025-07-03 21:49:31','2025-07-03 21:49:31',NULL,'00000000-0000-0000-0000-000000000000','2025-08-02 14:49:31.383075613 +0000 UTC m=+2592525.422919402');
INSERT INTO refresh_tokens VALUES('307efd0c70f47d252ec53be53128d45a3f55dbd9ca2a58eda497472bb2a2a156','2025-07-03 21:54:50','2025-07-03 21:54:50',NULL,'00000000-0000-0000-0000-000000000000','2025-08-02 14:54:49.983757438 +0000 UTC m=+2592043.181258429');
INSERT INTO refresh_tokens VALUES('ef2e14af0d4e75ea40703aefefe9dd9582321f52cb7329780e4bd3bf8b7855eb','2025-07-03 22:14:57','2025-07-03 22:14:57',NULL,'00000000-0000-0000-0000-000000000000','2025-08-02 15:14:57.48484524 +0000 UTC m=+2593250.682346231');
INSERT INTO refresh_tokens VALUES('31004a84c95eef0ae985ab631d26be91ad839c4de459a2884544293d5b227270','2025-07-03 22:27:24','2025-07-03 22:27:24',NULL,'00000000-0000-0000-0000-000000000000','2025-08-02 15:27:24.076322242 +0000 UTC m=+2593997.273823233');
INSERT INTO refresh_tokens VALUES('bbac40ea0c2ee5d9b4f87061ec5d36c2cc2b9d03ad1e7705f432425131d6a897','2025-07-03 22:35:35','2025-07-03 22:35:35',NULL,'00000000-0000-0000-0000-000000000000','2025-08-02 15:35:35.226478813 +0000 UTC m=+2594488.423979804');
INSERT INTO refresh_tokens VALUES('38cf403c94b7698a041c256a503ecd3f3c6f5d20624eeb4b83ccd452bb1c8b63','2025-07-03 22:51:55','2025-07-03 22:51:55',NULL,'00000000-0000-0000-0000-000000000000','2025-08-02 15:51:55.393576317 +0000 UTC m=+2595468.591077308');
INSERT INTO refresh_tokens VALUES('a8321ed0c71328fbc07929077bfbeb8a549c690aa16bbf39006f1869d80f6a35','2025-07-03 23:24:24','2025-07-03 23:24:24',NULL,'00000000-0000-0000-0000-000000000000','2025-08-02 16:24:24.697406637 +0000 UTC m=+2597417.894907628');
INSERT INTO refresh_tokens VALUES('448597f558815256137d4326c42c46b4071e3c3dfb0879487264fbe7a8d987ee','2025-07-04 07:19:12','2025-07-04 07:19:12',NULL,'00000000-0000-0000-0000-000000000000','2025-08-03 00:19:12.313968728 +0000 UTC m=+2625905.511470670');
INSERT INTO refresh_tokens VALUES('7db6dbe3e26c873b1afbdffe573602111e4d7009683ff00e229595da077f52c5','2025-07-04 08:22:42','2025-07-04 08:22:42',NULL,'00000000-0000-0000-0000-000000000000','2025-08-03 01:22:42.720649697 +0000 UTC m=+2592310.479483475');
INSERT INTO refresh_tokens VALUES('b4f5960258889f904860716039d3b6443c9a0edee51e7a46f80c38edc2f14539','2025-07-04 11:05:33','2025-07-04 11:05:33',NULL,'00000000-0000-0000-0000-000000000000','2025-08-03 04:05:32.978055583 +0000 UTC m=+2602080.736889361');
INSERT INTO refresh_tokens VALUES('824553ea694040ead224a56c024635be9433e6e9dadee276d5e0cedc5c572e91','2025-07-04 11:05:35','2025-07-04 11:05:35',NULL,'00000000-0000-0000-0000-000000000000','2025-08-03 04:05:35.598902637 +0000 UTC m=+2602083.357736415');
INSERT INTO refresh_tokens VALUES('cc66291109c780931513d2e17f42ec14451eba74334e2e8abe301101aaddaddb','2025-07-04 11:13:13','2025-07-04 11:13:13',NULL,'00000000-0000-0000-0000-000000000000','2025-08-03 04:13:13.124716991 +0000 UTC m=+2602540.883550779');
INSERT INTO refresh_tokens VALUES('1c3fecfeb984a569a561b0ecb26a833bd5dd00049c50478052f5d01b5896d489','2025-07-04 14:03:54','2025-07-04 14:03:54',NULL,'00000000-0000-0000-0000-000000000000','2025-08-03 07:03:54.234195538 +0000 UTC m=+2612781.993029316');
INSERT INTO refresh_tokens VALUES('f73ca37c4ac9399f9a24e45e8d04bac357bb6573a209903594cc6acb217aa6b9','2025-07-04 14:04:13','2025-07-04 14:04:13',NULL,'00000000-0000-0000-0000-000000000000','2025-08-03 07:04:13.677174057 +0000 UTC m=+2612801.436007835');
INSERT INTO refresh_tokens VALUES('abb781a66ef54c118be72b746cf62c748561767cae13ab890f35a7a1d6fe8436','2025-07-04 15:35:51','2025-07-04 15:35:51',NULL,'00000000-0000-0000-0000-000000000000','2025-08-03 08:35:51.399411243 +0000 UTC m=+2618299.158245031');
INSERT INTO refresh_tokens VALUES('a1b4a879c05b6dd4c32673dc92aacdf78fb54734b91a9d67fe72e8d044cfbe7b','2025-07-04 17:37:18','2025-07-04 17:37:18',NULL,'00000000-0000-0000-0000-000000000000','2025-08-03 10:37:18.860400058 +0000 UTC m=+2625586.619233836');
INSERT INTO refresh_tokens VALUES('2e56d3b3ecac18831181aab8a17cd6848b43a986213f0986e88a4b9a3193e506','2025-07-04 18:56:04','2025-07-04 18:56:04',NULL,'00000000-0000-0000-0000-000000000000','2025-08-03 11:56:04.255753113 +0000 UTC m=+2630312.014586891');
INSERT INTO refresh_tokens VALUES('0cc32debb0b54056da9baff9c42bb3a41e074fdb45531a4217227268211303c5','2025-07-04 22:14:16','2025-07-04 22:14:16',NULL,'00000000-0000-0000-0000-000000000000','2025-08-03 15:14:16.135576376 +0000 UTC m=+2642203.894410154');
INSERT INTO refresh_tokens VALUES('e10df5fdc82b5d01315cce1ec3450d12af9775f8eec581ed7eaa84289529b02a','2025-07-05 00:37:32','2025-07-05 00:37:32',NULL,'00000000-0000-0000-0000-000000000000','2025-08-03 17:37:32.2600153 +0000 UTC m=+2650800.018849078');
INSERT INTO refresh_tokens VALUES('6a444478093ca2e4715416f440574b6714db3d74c8d74904cc34f697efa24aab','2025-07-05 04:45:10','2025-07-05 04:45:10',NULL,'00000000-0000-0000-0000-000000000000','2025-08-03 21:45:10.207424795 +0000 UTC m=+2665657.966258573');
INSERT INTO refresh_tokens VALUES('edf0020e2afbf8c14fc155b257c2ec4a11a1a65c66ff2b68e772d4ae8b9adacc','2025-07-05 11:22:54','2025-07-05 11:22:54',NULL,'00000000-0000-0000-0000-000000000000','2025-08-04 04:22:54.379614234 +0000 UTC m=+2689522.138448012');
INSERT INTO refresh_tokens VALUES('8fab8fc78eef1ef23eff17a5a9c6b5c9290d7c4e3f0e8e97e6be34140775699d','2025-07-05 12:15:22','2025-07-05 12:15:22',NULL,'00000000-0000-0000-0000-000000000000','2025-08-04 05:15:22.503119482 +0000 UTC m=+2692670.261953250');
INSERT INTO refresh_tokens VALUES('bf96e3069deefddd8bff707029cafa767d4f08043d7af435926ccb1adda33ce9','2025-07-05 12:16:01','2025-07-05 12:16:01',NULL,'00000000-0000-0000-0000-000000000000','2025-08-04 05:16:01.018799041 +0000 UTC m=+2692708.777632819');
INSERT INTO refresh_tokens VALUES('641e785f694bb02be8a75e8ca9cddfc116575875eb43f74bd0a88d50e148d548','2025-07-05 12:36:58','2025-07-05 12:36:58',NULL,'00000000-0000-0000-0000-000000000000','2025-08-04 05:36:58.748594817 +0000 UTC m=+2693966.507428595');
INSERT INTO refresh_tokens VALUES('bc4abfeb3bc1d5b8d6d02a044648e07fe3670b7be6f20aeba30749ab46cfb60b','2025-07-05 12:37:01','2025-07-05 12:37:01',NULL,'00000000-0000-0000-0000-000000000000','2025-08-04 05:37:01.222181589 +0000 UTC m=+2693968.981015367');
INSERT INTO refresh_tokens VALUES('5be96cae8d00689ea8b3bc1c773780449e3459edae46b5637c77ed9fe0f5e30c','2025-07-05 12:55:47','2025-07-05 12:55:47',NULL,'00000000-0000-0000-0000-000000000000','2025-08-04 05:55:47.093694253 +0000 UTC m=+2695094.852528031');
INSERT INTO refresh_tokens VALUES('585978d2c248364e90634cdbb7192ff53cc3c5195c51f03a73e8eab9144f1beb','2025-07-05 12:56:49','2025-07-05 12:56:49',NULL,'00000000-0000-0000-0000-000000000000','2025-08-04 05:56:49.161903891 +0000 UTC m=+2695156.920737669');
INSERT INTO refresh_tokens VALUES('890f91c67b7fbb939d8a4aef0dc37b6b036b385e95936e21d0fd9f10c904eebd','2025-07-05 12:56:52','2025-07-05 12:56:52',NULL,'00000000-0000-0000-0000-000000000000','2025-08-04 05:56:51.997110118 +0000 UTC m=+2695159.755943896');
INSERT INTO refresh_tokens VALUES('dcd183bb4c0364f8f3041ef4a888e2f22e7876101e574dcab751db089f2c5b5a','2025-07-05 13:00:52','2025-07-05 13:00:52',NULL,'00000000-0000-0000-0000-000000000000','2025-08-04 06:00:52.647914215 +0000 UTC m=+2695400.406747993');
INSERT INTO refresh_tokens VALUES('a5c7572ad6ee1d32fdf6f723b49d99feba5f778084655f37e9096e0e4f02b19b','2025-07-05 13:04:48','2025-07-05 13:04:48',NULL,'00000000-0000-0000-0000-000000000000','2025-08-04 06:04:48.08499394 +0000 UTC m=+2695635.843827718');
INSERT INTO refresh_tokens VALUES('e5b205e9e2d40002985e9604f9d8bf30b61a0c62fb06b863f268d0913924ed3a','2025-07-05 17:23:25','2025-07-05 17:23:25',NULL,'00000000-0000-0000-0000-000000000000','2025-08-04 10:23:25.275842426 +0000 UTC m=+2711153.034676204');
CREATE TABLE IF NOT EXISTS places (
  name TEXT PRIMARY KEY,
  capacity INTEGER NOT NULL DEFAULT 0
);
INSERT INTO places VALUES('None',0);
INSERT INTO places VALUES('Staff House ',10);
INSERT INTO places VALUES('Sie House ',13);
INSERT INTO places VALUES('Meeting Point',7);
INSERT INTO places VALUES('Lakw House ',7);
INSERT INTO places VALUES('Wellness 1 ',21);
INSERT INTO places VALUES('Wellness 2',7);
INSERT INTO places VALUES('Merit House',6);
INSERT INTO places VALUES('Hut',2);
INSERT INTO places VALUES('Rattanyu House',23);
INSERT INTO places VALUES('Metta House ',10);
INSERT INTO places VALUES('Bungalow',12);
INSERT INTO places VALUES('Treehouse',4);
INSERT INTO places VALUES('Kangaroo House',4);
INSERT INTO places VALUES('Centerhall Room',2);
INSERT INTO places VALUES('Storage Room',2);
INSERT INTO places VALUES('George House',7);
INSERT INTO places VALUES('Waterfall 1',12);
INSERT INTO places VALUES('Waterfall 2',8);
INSERT INTO places VALUES('Pool View Kuti',1);
INSERT INTO places VALUES('ForestHall Rooms',3);
INSERT INTO places VALUES('SLP. Kuti',6);
DELETE FROM sqlite_sequence;
INSERT INTO sqlite_sequence VALUES('goose_db_version',5);
COMMIT;
